HẠNG MỤC PHÁP LÝ & VẬN HÀNH (VIỆT NAM),,,,
Dễ bị bỏ quên nhưng ảnh hưởng trực tiếp việc kinh doanh hợp pháp. Nên tham vấn thêm luật sư/kế toán.,,,,
,,,,
Hạng mục,Nội dung cần làm,Trạng thái,Ghi chú,Đề xuất (bản như S.Sens)
Đăng ký kinh doanh,Đăng ký hộ kinh doanh hoặc doanh nghiệp có ngành nghề lưu trú/kinh doanh dịch vụ,Chưa làm,,GIỮ — Vẫn cần — kinh doanh lưu trú hợp pháp.
Điều kiện lưu trú,"Đảm bảo an ninh trật tự, phòng cháy chữa cháy (PCCC) cho cơ sở lưu trú",Chưa làm,,"GIỮ — Vận hành thực tế (ANTT, PCCC) — không liên quan web."
Khai báo lưu trú,Khai báo tạm trú cho khách với công an địa phương (có thể tích hợp vào hệ thống),Chưa làm,,GIỮ — Vận hành; không cần tích hợp vào web ở bản này.
Hóa đơn & thuế,"Hóa đơn điện tử; thuế môn bài, GTGT, TNCN/TNDN từ hoạt động cho thuê",Chưa làm,,"GIỮ — Thu tiền online → CẦN hóa đơn điện tử + thuế đầy đủ (môn bài, GTGT, TNCN/TNDN)."
Hợp đồng & chính sách,"Điều khoản sử dụng, chính sách hủy/hoàn tiền, hợp đồng thuê (căn hộ dịch vụ dài hạn)",Chưa làm,,GIỮ — Tự xử lý thanh toán → CẦN chính sách hủy/hoàn tiền & điều khoản rõ ràng.
Bảo vệ dữ liệu cá nhân,"Tuân thủ Nghị định 13/2023/NĐ-CP: đồng ý thu thập, lưu trữ an toàn",Chưa làm,,GIỮ — NĐ13/2023 VẪN áp dụng cho form thu thập tên/email/SĐT.
Điều khoản cho chủ nhà (GĐ2),"Hợp đồng cộng tác, tỷ lệ hoa hồng, trách nhiệm mỗi bên, điều khoản payout",Chưa làm,,BỎ — Marketplace — để sau.